<?xml version="1.0" encoding="UTF-8"?>
<addon id="repository.mtr81" name="mtr81" version="1.0" provider-name="lg">
    <extension point="xbmc.addon.repository" name="mtr81">
        <dir>
            <info compressed="false">https://mtr81.github.io/kodi_addons/addons/addons.xml</info>
            <checksum>https://mtr81.github.io/kodi_addons/addons/addons.xml.md5</checksum>
            <datadir zip="true">https://mtr81.github.io/kodi_addons/addons/</datadir>
        </dir>
    </extension>
    <extension point="xbmc.addon.metadata">
        <summary>Wtyczki do odtwarzacza Kodi (v.19,20)</summary>
        <description>Wtyczki do odtwarzacza Kodi (v.19,20)</description>
        <platform>all</platform>
        <assets>
            <icon></icon>
            <fanart></fanart>            
        </assets>
    </extension>
</addon>
