<?xml version="1.0" encoding="UTF-8" standalone="yes" ?>
<addon id="plugin.video.trwam" name="TV TRWAM" version="1.0.1" provider-name="lg">
    <requires>
        <import addon="script.module.requests" />
        <import addon="script.module.inputstreamhelper" />
    </requires>
    <extension point="xbmc.python.pluginsource" library="addon.py">
        <provides>video</provides>
    </extension>
	<extension point="xbmc.addon.metadata">
        <description lang="pl">TV TRWAM, EWTN Polska, Transmisje z Jasnej Góry, TV Republika, wPolsce, TV MN, Polska360 TV</description>
        <disclaimer lang="pl">TV TRWAM
        </disclaimer>
        <summary lang="en">TV TRWAM</summary>
        <description lang="en">TV TRWAM, EWTN Polska, Transmisje z Jasnej Góry, TV Republika, wPolsce, TV MN, Polska360 TV</description>
        <disclaimer lang="en">TV TRWAM
        </disclaimer>
        <language>pl</language>
        <platform>all</platform>
        <license>GNU GENERAL PUBLIC LICENSE. Version 2, June 1991</license>
        <website></website>
        <assets>
            <icon>icon.png</icon>
        </assets>
        <reuselanguageinvoker>true</reuselanguageinvoker>
    </extension>
</addon>