<?xml version="1.0" encoding="UTF-8" standalone="yes" ?>
<addon id="plugin.video.parlament" name="Parlament" version="1.0.3" provider-name="lg">
    <requires>
        <import addon="script.module.requests" />
        <import addon="script.module.inputstreamhelper" />
    </requires>
    <extension point="xbmc.python.pluginsource" library="addon.py">
        <provides>video</provides>
    </extension>
 	<extension point="xbmc.addon.metadata">
        <description lang="pl">parlament</description>
        <disclaimer lang="pl">parlament
        </disclaimer>
        <summary lang="en">parlament</summary>
        <description lang="en">parlament</description>
        <disclaimer lang="en">parlament
        </disclaimer>
        <language>pl</language>
        <platform>all</platform>
        <license>GNU GENERAL PUBLIC LICENSE. Version 2, June 1991</license>
        <website></website>
        <assets>
            <icon>icon.png</icon>
        </assets>
        <reuselanguageinvoker>true</reuselanguageinvoker>
    </extension>
</addon>