<?xml version="1.0" encoding="UTF-8" standalone="yes" ?>
<addon id="plugin.video.polsatbox_go_atv" name="PolsatBoxGO 4K" version="1.0.2" provider-name="lg">
    <requires>
        <import addon="xbmc.python" version="3.0.0"/>
        <import addon="script.module.requests"/>
        <import addon="script.module.inputstreamhelper" />
    </requires>
    <extension point="xbmc.python.pluginsource" library="addon.py">
        <provides>video</provides>
    </extension>
    <extension point="xbmc.addon.metadata">
        <description lang="pl">PolsatBox Go 4K</description>
        <disclaimer lang="pl">PolsatBox Go 4K
        </disclaimer>
        <summary lang="en">PolsatBox Go 4K</summary>
        <description lang="en">PolsatBox Go 4K</description>
        <disclaimer lang="en">PolsatBox Go 4K
        </disclaimer>
        <language>pl</language>
        <platform>all</platform>
        <license>GNU GENERAL PUBLIC LICENSE. Version 2, June 1991</license>
        <website></website>
        <assets>
            <icon>icon.png</icon>
        </assets>
        <reuselanguageinvoker>true</reuselanguageinvoker>
    </extension>
</addon>