<?xml version="1.0" encoding="UTF-8" standalone="yes" ?>
<addon id="plugin.video.filmbox_plus" name="FilmBox+" version="1.0.0" provider-name="lg">
    <requires>
        <import addon="script.module.requests" />
        <import addon="script.module.inputstreamhelper" />
    </requires>
    <extension point="xbmc.python.pluginsource" library="addon.py">
        <provides>video</provides>
    </extension>
	<extension point="xbmc.addon.metadata">
		<description lang="pl">FilmBox +</description>
        <disclaimer lang="pl">tylko na urządzenia z systemem Android z profilem DRM L1
        </disclaimer>
        <summary lang="en">FilmBox +</summary>
        <description lang="en">FilmBox +</description>
        <disclaimer lang="en">only for Android devices with DRM L1 profile
        </disclaimer>
        <language>pl</language>
        <platform>android</platform>
        <license>GNU GENERAL PUBLIC LICENSE. Version 2, June 1991</license>
        <website></website>
        <assets>
            <icon>icon.png</icon>
        </assets>
        <reuselanguageinvoker>true</reuselanguageinvoker>
    </extension>
</addon>