<?xml version="1.0" encoding="UTF-8" standalone="yes" ?>
<addon id="plugin.video.wp" name="WP WIDEO" version="1.0.0" provider-name="lg">
    <requires>
        <import addon="script.module.requests" />
        <import addon="service.cronxbmc" optional="true"/>
		<import addon="script.module.inputstreamhelper" />
		<!--<import addon="script.module.ttml2ssa"/>-->
    </requires>
    <extension point="xbmc.python.pluginsource" library="addon.py">
        <provides>video</provides>
    </extension>
 	<extension point="xbmc.addon.metadata">
        <description lang="pl">WP WIDEO</description>
        <disclaimer lang="pl">WP WIDEO
        </disclaimer>
        <summary lang="en">WP WIDEO</summary>
        <description lang="en">WP WIDEO</description>
        <disclaimer lang="en">WP WIDEO
        </disclaimer>
        <language>pl</language>
        <platform>all</platform>
        <license>GNU GENERAL PUBLIC LICENSE. Version 2, June 1991</license>
        <website></website>
        <assets>
            <icon>icon.png</icon>
        </assets>
        <reuselanguageinvoker>true</reuselanguageinvoker>
    </extension>
</addon>