<?xml version="1.0" encoding="UTF-8" standalone="yes"?>
<addon id="script.module.js2py" name="js2py" version="3.0.2" provider-name="Addons4Kodi">
  <requires>
    <import addon="script.module.six" version="1.15.0"/>
    <import addon="script.module.pyjsparser" version="3.0.0"/>
    <import addon="script.module.tzlocal" version="2.0.0"/>
  </requires>
  <extension point="xbmc.python.module" library="lib" />
  <extension point="xbmc.addon.metadata">
    <summary>Pure Python JavaScript Translator/Interpreter</summary>
    <description>Packed for Kodi from https://github.com/PiotrDabkowski/Js2Py</description>
    <platform>all</platform>
    <language></language>
    <license>MIT</license>
    <forum></forum>
    <website>https://github.com/PiotrDabkowski/Js2Py</website>
    <source>https://github.com/PiotrDabkowski/Js2Py</source>
    <email></email>
  </extension>
</addon>
