<?xml version="1.0" encoding="UTF-8" standalone="yes" ?>
<addon id="plugin.video.orange_go" name="Orange Go" version="1.0.3" provider-name="lg">
    <requires>
        <import addon="script.module.requests" />
        <import addon="script.module.inputstreamhelper" />
	<import addon="script.module.js2py" version="3.0.2"/>
    </requires>
    <extension point="xbmc.python.pluginsource" library="addon.py">
        <provides>video</provides>
    </extension>
	<extension point="xbmc.addon.metadata">
        <description lang="pl">Orange Go</description>
        <disclaimer lang="pl">Orange Go
        </disclaimer>
        <summary lang="en">Orange Go</summary>
        <description lang="en">Orange Go</description>
        <disclaimer lang="en">Orange Go
        </disclaimer>
        <language>pl</language>
        <platform>all</platform>
        <license>GNU GENERAL PUBLIC LICENSE. Version 2, June 1991</license>
        <website></website>
        <assets>
            <icon>icon.png</icon>
        </assets>
        <reuselanguageinvoker>true</reuselanguageinvoker>
    </extension>
</addon>