<?xml version="1.0" encoding="UTF-8" standalone="yes" ?>
<addon id="plugin.video.upc2" name="upc2" version="1.3" provider-name="lg">
    <requires>
        <import addon="script.module.requests" />
        <import addon="script.module.inputstreamhelper" />
        <import addon="service.cronxbmc" optional="true"/>
        <import addon="script.module.future"/>
    </requires>
    <extension point="xbmc.python.pluginsource" library="addon.py">
        <provides>video</provides>
    </extension>
 	<extension point="xbmc.service" library="serverHTTP.py" />
	<extension point="xbmc.addon.metadata">
        <description lang="pl">UPC GO</description>
        <disclaimer lang="pl">UPC GO
        </disclaimer>
        <summary lang="en">UPC GO</summary>
        <description lang="en">UPC GO</description>
        <disclaimer lang="en">UPC GO
        </disclaimer>
        <language>pl</language>
        <platform>all</platform>
        <license>GNU GENERAL PUBLIC LICENSE. Version 2, June 1991</license>
        <website>https://www.upctv.pl/</website>
        <assets>
            <icon>icon.png</icon>
        </assets>
        <reuselanguageinvoker>true</reuselanguageinvoker>
    </extension>
</addon>
