<?xml version="1.0" encoding="UTF-8" standalone="yes" ?>
<addon id="plugin.video.filmbox" name="FilmBox" version="1.0.1" provider-name="lg">
    <requires>
        <import addon="script.module.requests" />
        <import addon="script.module.inputstreamhelper" />
    </requires>
    <extension point="xbmc.python.pluginsource" library="addon.py">
        <provides>video</provides>
    </extension>
	<extension point="xbmc.service" library="service_entry.py" />
	<extension point="xbmc.addon.metadata">
        <description lang="pl">W Kodi 19 napisy w tej wtyczce nie są obsługiwane.</description>
        <disclaimer lang="pl">FilmBox +
        </disclaimer>
        <summary lang="en">FilmBox +</summary>
        <description lang="en">FilmBox +</description>
        <disclaimer lang="en">FilmBox +
        </disclaimer>
        <language>pl</language>
        <platform>all</platform>
        <license>GNU GENERAL PUBLIC LICENSE. Version 2, June 1991</license>
        <website></website>
        <assets>
            <icon>icon.png</icon>
        </assets>
        <reuselanguageinvoker>true</reuselanguageinvoker>
    </extension>
</addon>